IRT;Nom appli
A0166;Appli_1
A0169;Appli_2
A0657;Appli_3
A0658;Appli_4
A0661;Appli_5
A0663;Appli_6
A0755;Appli_7
A0779;Appli_8
A0780;Appli_9
A1407;Appli_10
A1423;Appli_11
A1492;Appli_12
A1552;Appli_13
A1578;Appli_14
A1579;Appli_15
A1645;Appli_16
A1646;Appli_17
A1671;Appli_18
A1677;Appli_19
A1748;Appli_20
A1749;Appli_21
A1856;Appli_22
A1857;Appli_23
A1860;Appli_24
A1903;Appli_25
A1952;Appli_26
A1953;Appli_27
A1957;Appli_28
A1958;Appli_29
A1972;Appli_30
A2662;Appli_31
A2698;Appli_32
A5124;Appli_33
A5214;Appli_34
A5224;Appli_35
A5226;Appli_36
A5227;Appli_37
A5230;Appli_38
A5231;Appli_39
A5235;Appli_40
A5246;Appli_41
A5247;Appli_42
A5248;Appli_43
A5250;Appli_44
A5251;Appli_45
A5252;Appli_46
A5259;Appli_47
A5263;Appli_48
A5272;Appli_49
A5296;Appli_50
A5297;Appli_51
A5317;Appli_52
A5320;Appli_53
A5355;Appli_54
A5356;Appli_55
A8100;Appli_56
A8101;Appli_57
A8102;Appli_58
A8103;Appli_59
A8104;Appli_60
A8105;Appli_61
A8106;Appli_62
A8107;Appli_63
A8108;Appli_64
A8110;Appli_65
A8111;Appli_66
A8112;Appli_67
A8113;Appli_68
A8114;Appli_69
A8115;Appli_70
A8116;Appli_71
A8117;Appli_72
A8118;Appli_73
A8119;Appli_74
A8120;Appli_75
A8121;Appli_76
A8122;Appli_77
A8123;Appli_78
A8124;Appli_79
A8125;Appli_80
A8126;Appli_81
A8127;Appli_82
A8128;Appli_83
A8129;Appli_84
A8130;Appli_85
A8131;Appli_86
A8137;Appli_87
A8140;Appli_88
A8141;Appli_89
A8142;Appli_90
A8143;Appli_91
A8144;Appli_92
A8145;Appli_93
A8146;Appli_94
A8147;Appli_95
A8148;Appli_96
A8149;Appli_97
A8150;Appli_98
A8151;Appli_99
A8152;Appli_100
A8153;Appli_101
A8154;Appli_102
A8156;Appli_103
A8200;Appli_104
A8201;Appli_105
A8202;Appli_106
A8203;Appli_107
A8204;Appli_108
A8205;Appli_109
A8206;Appli_110
A8207;Appli_111
A8208;Appli_112
A8210;Appli_113
A8211;Appli_114
A8212;Appli_115
A8213;Appli_116
A8214;Appli_117
A8215;Appli_118
A8216;Appli_119
A8217;Appli_120
A8218;Appli_121
A8219;Appli_122
A8220;Appli_123
A8221;Appli_124
A8222;Appli_125
A8223;Appli_126
A8224;Appli_127
A8225;Appli_128
A8226;Appli_129
A8227;Appli_130
A8228;Appli_131
A8229;Appli_132
A8230;Appli_133
A8231;Appli_134
A8233;Appli_135
A8235;Appli_136
A0202;Appli_137
A0388;Appli_138
A0983;Appli_139
A1745;Appli_140
A1813;Appli_141
A1832;Appli_142
A1887;Appli_143
A1899;Appli_144
A1906;Appli_145
A1982;Appli_146
A1987;Appli_147
A3601;Appli_148
A6495;Appli_149
AE801;Appli_150
AII30;Appli_151
AN931;Appli_152
XXXXX;Appli_153
A0005;Appli_154
A0012;Appli_155
A0019;Appli_156
A0021;Appli_157
A0022;Appli_158
A0023;Appli_159
A0025;Appli_160
A0029;Appli_161
A0031;Appli_162
A0032;Appli_163
A0035;Appli_164
A0038;Appli_165
A0085;Appli_166
A0193;Appli_167
A0246;Appli_168
A0247;Appli_169
A0267;Appli_170
A0374;Appli_171
A0456;Appli_172
A0463;Appli_173
A0489;Appli_174
A0537;Appli_175
A0559;Appli_176
A0621;Appli_177
A0655;Appli_178
A0695;Appli_179
A0700;Appli_180
A0729;Appli_181
A0734;Appli_182
A0735;Appli_183
A0748;Appli_184
A0777;Appli_185
A0805;Appli_186
A0820;Appli_187
A0821;Appli_188
A0824;Appli_189
A0825;Appli_190
A0826;Appli_191
A0837;Appli_192
A0860;Appli_193
A0863;Appli_194
A0864;Appli_195
A0865;Appli_196
A0871;Appli_197
A0873;Appli_198
A0877;Appli_199
A0891;Appli_200
A0922;Appli_201
A0936;Appli_202
A0981;Appli_203
A0990;Appli_204
A1043;Appli_205
A1044;Appli_206
A1049;Appli_207
A1064;Appli_208
A1084;Appli_209
A1088;Appli_210
A1093;Appli_211
A1094;Appli_212
A1095;Appli_213
A1096;Appli_214
A1097;Appli_215
A1100;Appli_216
A1187;Appli_217
A1197;Appli_218
A1201;Appli_219
A1220;Appli_220
A1223;Appli_221
A1227;Appli_222
A1253;Appli_223
A1258;Appli_224
A1266;Appli_225
A1290;Appli_226
A1292;Appli_227
A1307;Appli_228
A1313;Appli_229
A1314;Appli_230
A1320;Appli_231
A1321;Appli_232
A1370;Appli_233
A1392;Appli_234
A1465;Appli_235
A1469;Appli_236
A1474;Appli_237
A1480;Appli_238
A1494;Appli_239
A1501;Appli_240
A1515;Appli_241
A1519;Appli_242
A1520;Appli_243
A1546;Appli_244
A1551;Appli_245
A1559;Appli_246
A1564;Appli_247
A1567;Appli_248
A1571;Appli_249
A1573;Appli_250
A1577;Appli_251
A1581;Appli_252
A1584;Appli_253
A1593;Appli_254
A1600;Appli_255
A1604;Appli_256
A1605;Appli_257
A1606;Appli_258
A1607;Appli_259
A1610;Appli_260
A1614;Appli_261
A1626;Appli_262
A1630;Appli_263
A1631;Appli_264
A1649;Appli_265
A1651;Appli_266
A1653;Appli_267
A1667;Appli_268
A1669;Appli_269
A1670;Appli_270
A1679;Appli_271
A1681;Appli_272
A1686;Appli_273
A1687;Appli_274
A1697;Appli_275
A1698;Appli_276
A1699;Appli_277
A1705;Appli_278
A1717;Appli_279
A1720;Appli_280
A1722;Appli_281
A1750;Appli_282
A1755;Appli_283
A1760;Appli_284
A1763;Appli_285
A1769;Appli_286
A1775;Appli_287
A1776;Appli_288
A1780;Appli_289
A1782;Appli_290
A1783;Appli_291
A1784;Appli_292
A1785;Appli_293
A1791;Appli_294
A1792;Appli_295
A1800;Appli_296
A1801;Appli_297
A1802;Appli_298
A1803;Appli_299
A1807;Appli_300
A1808;Appli_301
A1810;Appli_302
A1811;Appli_303
A1833;Appli_304
A1834;Appli_305
A1835;Appli_306
A1841;Appli_307
A1846;Appli_308
A1847;Appli_309
A1849;Appli_310
A1864;Appli_311
A1865;Appli_312
A1868;Appli_313
A1869;Appli_314
A1870;Appli_315
A1873;Appli_316
A1883;Appli_317
A1886;Appli_318
A1888;Appli_319
A1904;Appli_320
A1908;Appli_321
A1909;Appli_322
A1911;Appli_323
A1912;Appli_324
A1919;Appli_325
A1921;Appli_326
A1923;Appli_327
A1924;Appli_328
A1926;Appli_329
A1927;Appli_330
A1928;Appli_331
A1929;Appli_332
A1933;Appli_333
A1934;Appli_334
A1935;Appli_335
A1939;Appli_336
A1940;Appli_337
A1941;Appli_338
A1944;Appli_339
A1947;Appli_340
A1955;Appli_341
A1956;Appli_342
A1960;Appli_343
A1964;Appli_344
A1968;Appli_345
A1969;Appli_346
A1973;Appli_347
A1974;Appli_348
A1983;Appli_349
A1984;Appli_350
A1985;Appli_351
A1989;Appli_352
A1993;Appli_353
A2008;Appli_354
A2023;Appli_355
A2024;Appli_356
A2028;Appli_357
A2049;Appli_358
A2063;Appli_359
A2252;Appli_360
A2255;Appli_361
A2259;Appli_362
A2267;Appli_363
A2268;Appli_364
A2273;Appli_365
A2278;Appli_366
A2305;Appli_367
A2342;Appli_368
A2402;Appli_369
A2545;Appli_370
A2546;Appli_371
A3100;Appli_372
A3102;Appli_373
A3103;Appli_374
A3600;Appli_375
A3719;Appli_376
A5031;Appli_377
A5033;Appli_378
A5041;Appli_379
A5042;Appli_380
A5047;Appli_381
A5056;Appli_382
A5068;Appli_383
A5075;Appli_384
A5079;Appli_385
A5087;Appli_386
A5092;Appli_387
A5097;Appli_388
A5098;Appli_389
A5103;Appli_390
A5106;Appli_391
A5112;Appli_392
A5113;Appli_393
A5115;Appli_394
A5116;Appli_395
A5117;Appli_396
A5118;Appli_397
A5119;Appli_398
A5121;Appli_399
A5128;Appli_400
A5145;Appli_401
A5152;Appli_402
A5166;Appli_403
A5186;Appli_404
A5249;Appli_405
A5373;Appli_406
A5375;Appli_407
A7472;Appli_408
A7474;Appli_409
AIF70;Appli_410
AN157;Appli_411
APRX;Appli_412
AR017;Appli_413
AR025;Appli_414
A0059;Appli_415
A0163;Appli_416
A0164;Appli_417
A0165;Appli_418
A0325;Appli_419
A0426;Appli_420
A0534;Appli_421
A0582;Appli_422
A0598;Appli_423
A0660;Appli_424
A0696;Appli_425
A0732;Appli_426
A0747;Appli_427
A0791;Appli_428
A0804;Appli_429
A0808;Appli_430
A0851;Appli_431
A0885;Appli_432
A0923;Appli_433
A0939;Appli_434
A1090;Appli_435
A1177;Appli_436
A1224;Appli_437
A1229;Appli_438
A1404;Appli_439
A1409;Appli_440
A1410;Appli_441
A1412;Appli_442
A1472;Appli_443
A1475;Appli_444
A1490;Appli_445
A1517;Appli_446
A1527;Appli_447
A1634;Appli_448
A1635;Appli_449
A1638;Appli_450
A1640;Appli_451
A1668;Appli_452
A1712;Appli_453
A1713;Appli_454
A1734;Appli_455
A1786;Appli_456
A1815;Appli_457
A1828;Appli_458
A1858;Appli_459
A1859;Appli_460
A1861;Appli_461
A1866;Appli_462
A1882;Appli_463
A1889;Appli_464
A1917;Appli_465
A1922;Appli_466
A1930;Appli_467
A1961;Appli_468
A1963;Appli_469
A1990;Appli_470
A1999;Appli_471
A5004;Appli_472
A5006;Appli_473
A5007;Appli_474
A5008;Appli_475
A5015;Appli_476
A5101;Appli_477
A5110;Appli_478
A5163;Appli_479
A8139;Appli_480
A8234;Appli_481
AIA20;Appli_482
AII10;Appli_483
AII40;Appli_484
AII90;Appli_485
AIN60;Appli_486
AIP20;Appli_487
AR020;Appli_488
AR021;Appli_489
AR022;Appli_490
USERX;Appli_491
A8502;Appli_492
AN002;Appli_493
AN006;Appli_494
AN008;Appli_495
AN009;Appli_496
AN010;Appli_497
AN011;Appli_498
AN012;Appli_499
AN013;Appli_500
AN018;Appli_501
AN021;Appli_502
AN026;Appli_503
AN027;Appli_504
AN029;Appli_505
AN031;Appli_506
AN032;Appli_507
AN034;Appli_508
AN035;Appli_509
AN036;Appli_510
AN037;Appli_511
AN038;Appli_512
AN039;Appli_513
AN040;Appli_514
AN042;Appli_515
AN043;Appli_516
AN046;Appli_517
AN047;Appli_518
AN050;Appli_519
AN052;Appli_520
AN053;Appli_521
AN056;Appli_522
AN058;Appli_523
AN059;Appli_524
AN060;Appli_525
AN062;Appli_526
AN065;Appli_527
AN067;Appli_528
AN071;Appli_529
AN072;Appli_530
AN073;Appli_531
AN074;Appli_532
AN076;Appli_533
AN079;Appli_534
AN080;Appli_535
AN086;Appli_536
AN088;Appli_537
AN089;Appli_538
AN090;Appli_539
AN091;Appli_540
AN092;Appli_541
AN093;Appli_542
AN097;Appli_543
AN099;Appli_544
AN100;Appli_545
AN101;Appli_546
AN103;Appli_547
AN104;Appli_548
AN106;Appli_549
AN108;Appli_550
AN110;Appli_551
AN114;Appli_552
AN115;Appli_553
AN119;Appli_554
AN120;Appli_555
AN122;Appli_556
AN123;Appli_557
AN125;Appli_558
AN126;Appli_559
AN127;Appli_560
AN130;Appli_561
AN132;Appli_562
AN134;Appli_563
AN136;Appli_564
AN139;Appli_565
AN143;Appli_566
AN144;Appli_567
AN152;Appli_568
AN153;Appli_569
AN155;Appli_570
AN158;Appli_571
AN159;Appli_572
AN161;Appli_573
AN163;Appli_574
AN164;Appli_575
AN169;Appli_576
AN170;Appli_577
AN173;Appli_578
AN174;Appli_579
AN175;Appli_580
AN179;Appli_581
AN181;Appli_582
AN189;Appli_583
AN195;Appli_584
AN198;Appli_585
AN199;Appli_586
AN201;Appli_587
AN202;Appli_588
AN205;Appli_589
AN207;Appli_590
AN208;Appli_591
AN210;Appli_592
AN211;Appli_593
AN213;Appli_594
AN215;Appli_595
AN216;Appli_596
AN217;Appli_597
AN218;Appli_598
AN220;Appli_599
AN222;Appli_600
AN223;Appli_601
AN224;Appli_602
AN225;Appli_603
AN227;Appli_604
AN229;Appli_605
AN230;Appli_606
AN232;Appli_607
AN238;Appli_608
AN239;Appli_609
AN240;Appli_610
AN242;Appli_611
AN244;Appli_612
AN247;Appli_613
AN248;Appli_614
AN256;Appli_615
AN257;Appli_616
AN258;Appli_617
AN259;Appli_618
AN261;Appli_619
AN263;Appli_620
AN264;Appli_621
AN266;Appli_622
AN269;Appli_623
AN270;Appli_624
AN272;Appli_625
AN273;Appli_626
AN275;Appli_627
AN277;Appli_628
AN280;Appli_629
AN282;Appli_630
AN283;Appli_631
AN284;Appli_632
AN288;Appli_633
AN291;Appli_634
AN300;Appli_635
AN302;Appli_636
AN303;Appli_637
AN304;Appli_638
AN306;Appli_639
AN310;Appli_640
AN311;Appli_641
AN313;Appli_642
AN314;Appli_643
AN317;Appli_644
AN318;Appli_645
AN320;Appli_646
AN326;Appli_647
AN330;Appli_648
AN334;Appli_649
AN336;Appli_650
AN337;Appli_651
AN338;Appli_652
AN343;Appli_653
AN350;Appli_654
AN351;Appli_655
AN352;Appli_656
AN353;Appli_657
AN356;Appli_658
AN358;Appli_659
AN361;Appli_660
AN362;Appli_661
AN365;Appli_662
AN367;Appli_663
AN374;Appli_664
AN379;Appli_665
AN380;Appli_666
AN386;Appli_667
AN387;Appli_668
AN389;Appli_669
AN391;Appli_670
AN392;Appli_671
AN393;Appli_672
AN394;Appli_673
AN400;Appli_674
AN403;Appli_675
AN404;Appli_676
AN406;Appli_677
AN410;Appli_678
AN411;Appli_679
AN412;Appli_680
AN413;Appli_681
AN414;Appli_682
AN416;Appli_683
AN418;Appli_684
AN429;Appli_685
AN482;Appli_686
AN501;Appli_687
AN503;Appli_688
AN511;Appli_689
AN538;Appli_690
AN568;Appli_691
AN582;Appli_692
AN586;Appli_693
AN601;Appli_694
AN605;Appli_695
AN641;Appli_696
AN642;Appli_697
AN653;Appli_698
AN658;Appli_699
AN670;Appli_700
AN681;Appli_701
AN683;Appli_702
AN689;Appli_703
AN696;Appli_704
AN701;Appli_705
AN702;Appli_706
AN707;Appli_707
AN724;Appli_708
AN749;Appli_709
AN758;Appli_710
AN852;Appli_711
AN879;Appli_712
AN880;Appli_713
AN893;Appli_714
AN896;Appli_715
AN897;Appli_716
AN898;Appli_717
AN899;Appli_718
AN900;Appli_719
AN901;Appli_720
AN902;Appli_721
AN903;Appli_722
AN904;Appli_723
AN905;Appli_724
AN906;Appli_725
AN907;Appli_726
AN908;Appli_727
AN910;Appli_728
AN936;Appli_729
AN944;Appli_730
AN985;Appli_731
AN995;Appli_732
A0475;Appli_733
A1130;Appli_734
A1648;Appli_735
A1683;Appli_736
A1693;Appli_737
A1731;Appli_738
A1742;Appli_739
A1757;Appli_740
A1805;Appli_741
A1845;Appli_742
A1897;Appli_743
A1898;Appli_744
A1937;Appli_745
A1948;Appli_746
A1971;Appli_747
A1975;Appli_748
A1979;Appli_749
A2554;Appli_750
A2694;Appli_751
A2706;Appli_752
A2972;Appli_753
A5048;Appli_754
A5062;Appli_755
A5064;Appli_756
A5065;Appli_757
A5069;Appli_758
A5076;Appli_759
A5080;Appli_760
A5083;Appli_761
A5084;Appli_762
A5111;Appli_763
A5114;Appli_764
A5122;Appli_765
A5125;Appli_766
A5126;Appli_767
A5129;Appli_768
A5130;Appli_769
A5132;Appli_770
A5134;Appli_771
A5135;Appli_772
A5136;Appli_773
A5137;Appli_774
A5138;Appli_775
A5139;Appli_776
A5141;Appli_777
A5143;Appli_778
A5148;Appli_779
A5150;Appli_780
A5153;Appli_781
A5154;Appli_782
A5156;Appli_783
A5157;Appli_784
A5158;Appli_785
A5160;Appli_786
A5161;Appli_787
A5162;Appli_788
A5168;Appli_789
A5173;Appli_790
A5174;Appli_791
A5175;Appli_792
A5176;Appli_793
A5177;Appli_794
A5179;Appli_795
A5181;Appli_796
A5182;Appli_797
A5185;Appli_798
A5187;Appli_799
A5189;Appli_800
A5190;Appli_801
A5193;Appli_802
A5194;Appli_803
A5196;Appli_804
A5197;Appli_805
A5199;Appli_806
A5200;Appli_807
A5201;Appli_808
A5202;Appli_809
A5204;Appli_810
A5207;Appli_811
A5208;Appli_812
A5209;Appli_813
A5211;Appli_814
A5212;Appli_815
A5215;Appli_816
A5217;Appli_817
A5218;Appli_818
A5219;Appli_819
A5221;Appli_820
A5225;Appli_821
A5229;Appli_822
A5233;Appli_823
A5234;Appli_824
A5237;Appli_825
A5238;Appli_826
A5239;Appli_827
A5254;Appli_828
A5256;Appli_829
A5258;Appli_830
A5261;Appli_831
A5262;Appli_832
A5266;Appli_833
A5268;Appli_834
A5269;Appli_835
A5270;Appli_836
A5271;Appli_837
A5275;Appli_838
A5279;Appli_839
A5280;Appli_840
A5283;Appli_841
A5284;Appli_842
A5286;Appli_843
A5292;Appli_844
A5294;Appli_845
A5301;Appli_846
A5303;Appli_847
A5306;Appli_848
A5308;Appli_849
A5310;Appli_850
A5316;Appli_851
A5318;Appli_852
A5319;Appli_853
A5322;Appli_854
A5323;Appli_855
A5331;Appli_856
A5332;Appli_857
A5334;Appli_858
A5336;Appli_859
A5337;Appli_860
A5340;Appli_861
A5350;Appli_862
A5360;Appli_863
A5361;Appli_864
A5363;Appli_865
A5367;Appli_866
A5380;Appli_867
A5383;Appli_868
A5389;Appli_869
A5392;Appli_870
A5402;Appli_871
A5403;Appli_872
A7114;Appli_873
A7203;Appli_874
A7205;Appli_875
AN001;Appli_876
AN014;Appli_877
AN019;Appli_878
AN033;Appli_879
AN111;Appli_880
AN151;Appli_881
AN168;Appli_882
AN177;Appli_883
AN193;Appli_884
AN204;Appli_885
AN235;Appli_886
AN252;Appli_887
AN253;Appli_888
AN279;Appli_889
AN328;Appli_890
AN335;Appli_891
AN363;Appli_892
AN376;Appli_893
AN388;Appli_894
AN390;Appli_895
AN397;Appli_896
AN399;Appli_897
AN402;Appli_898
AN405;Appli_899
AN409;Appli_900
AN417;Appli_901
AN422;Appli_902
AN423;Appli_903
AN424;Appli_904
AN425;Appli_905
AN426;Appli_906
AN427;Appli_907
AN428;Appli_908
AN430;Appli_909
AN431;Appli_910
AN434;Appli_911
AN435;Appli_912
AN437;Appli_913
AN438;Appli_914
AN439;Appli_915
AN440;Appli_916
AN441;Appli_917
AN442;Appli_918
AN444;Appli_919
AN446;Appli_920
AN447;Appli_921
AN448;Appli_922
AN449;Appli_923
AN480;Appli_924
AN483;Appli_925
AN484;Appli_926
AN491;Appli_927
AN492;Appli_928
AN494;Appli_929
AN495;Appli_930
AN496;Appli_931
AN498;Appli_932
AN536;Appli_933
AN636;Appli_934
AN843;Appli_935
AN928;Appli_936
AN929;Appli_937
AN937;Appli_938
AN938;Appli_939
AN942;Appli_940
AN947;Appli_941
AN956;Appli_942
AN957;Appli_943
AN958;Appli_944
AN960;Appli_945
AN962;Appli_946
AN972;Appli_947
AN987;Appli_948
AN996;Appli_949
AR001;Appli_950
AR003;Appli_951
AR004;Appli_952
AR005;Appli_953
AR006;Appli_954
AR011;Appli_955
AR012;Appli_956
AR013;Appli_957
AR014;Appli_958
AR015;Appli_959
AR023;Appli_960
AR024;Appli_961
AR026;Appli_962
AR027;Appli_963
AS002;Appli_964
AS003;Appli_965
AS005;Appli_966
AS006;Appli_967
AS008;Appli_968
AS010;Appli_969
AS011;Appli_970
AS013;Appli_971
AS015;Appli_972
AS017;Appli_973
AS019;Appli_974
INF££;Appli_975
AN357;Appli_976
AN486;Appli_977
AN935;Appli_978
A2286;Appli_979
A0039;Appli_980
A0179;Appli_981
A0191;Appli_982
A0274;Appli_983
A0946;Appli_984
A1202;Appli_985
A1235;Appli_986
A1256;Appli_987
A1336;Appli_988
A1477;Appli_989
A1484;Appli_990
A1596;Appli_991
A1721;Appli_992
A1787;Appli_993
A1794;Appli_994
A1950;Appli_995
A2004;Appli_996
A2014;Appli_997
A2042;Appli_998
A2262;Appli_999
A2274;Appli_1000
A2280;Appli_1001
A2288;Appli_1002
A2289;Appli_1003
A2303;Appli_1004
A2323;Appli_1005
A2329;Appli_1006
A2331;Appli_1007
A2353;Appli_1008
A2357;Appli_1009
A2359;Appli_1010
A2371;Appli_1011
A2386;Appli_1012
A2389;Appli_1013
A2392;Appli_1014
A2393;Appli_1015
A2412;Appli_1016
A2431;Appli_1017
A2446;Appli_1018
A2447;Appli_1019
A2450;Appli_1020
A2456;Appli_1021
A2460;Appli_1022
A2461;Appli_1023
A2472;Appli_1024
A2512;Appli_1025
A2513;Appli_1026
A2516;Appli_1027
A2523;Appli_1028
A2532;Appli_1029
A2533;Appli_1030
A2534;Appli_1031
A2538;Appli_1032
A2539;Appli_1033
A2540;Appli_1034
A2547;Appli_1035
A2550;Appli_1036
A2552;Appli_1037
A2581;Appli_1038
A2591;Appli_1039
A2606;Appli_1040
A2646;Appli_1041
A2648;Appli_1042
A2652;Appli_1043
A2660;Appli_1044
A2673;Appli_1045
A2674;Appli_1046
A2676;Appli_1047
A2681;Appli_1048
A2682;Appli_1049
A2685;Appli_1050
A2689;Appli_1051
A2691;Appli_1052
A2692;Appli_1053
A2695;Appli_1054
A2704;Appli_1055
A2712;Appli_1056
A2718;Appli_1057
A2719;Appli_1058
A2737;Appli_1059
A2741;Appli_1060
A2742;Appli_1061
A2745;Appli_1062
A2747;Appli_1063
A2752;Appli_1064
A2755;Appli_1065
A2763;Appli_1066
A2767;Appli_1067
A2768;Appli_1068
A2770;Appli_1069
A2775;Appli_1070
A2783;Appli_1071
A2784;Appli_1072
A2786;Appli_1073
A2788;Appli_1074
A2793;Appli_1075
A2798;Appli_1076
A2804;Appli_1077
A2805;Appli_1078
A2810;Appli_1079
A2811;Appli_1080
A2827;Appli_1081
A2829;Appli_1082
A2845;Appli_1083
A2847;Appli_1084
A2848;Appli_1085
A2852;Appli_1086
A2860;Appli_1087
A2863;Appli_1088
A2865;Appli_1089
A2870;Appli_1090
A2873;Appli_1091
A2877;Appli_1092
A2878;Appli_1093
A2879;Appli_1094
A2888;Appli_1095
A2892;Appli_1096
A2895;Appli_1097
A2896;Appli_1098
A2897;Appli_1099
A2898;Appli_1100
A2899;Appli_1101
A2905;Appli_1102
A2910;Appli_1103
A2917;Appli_1104
A2918;Appli_1105
A2925;Appli_1106
A2932;Appli_1107
A2933;Appli_1108
A2934;Appli_1109
A2940;Appli_1110
A2944;Appli_1111
A2952;Appli_1112
A2959;Appli_1113
A2960;Appli_1114
A2963;Appli_1115
A2968;Appli_1116
A2969;Appli_1117
A2999;Appli_1118
A3459;Appli_1119
A7034;Appli_1120
A7035;Appli_1121
A7148;Appli_1122
A8304;Appli_1123
A8307;Appli_1124
A8309;Appli_1125
A8312;Appli_1126
A8313;Appli_1127
A8316;Appli_1128
A8320;Appli_1129
A8328;Appli_1130
A8329;Appli_1131
A8334;Appli_1132
A8335;Appli_1133
A8336;Appli_1134
A8342;Appli_1135
A8345;Appli_1136
A8346;Appli_1137
A8351;Appli_1138
A8361;Appli_1139
A8364;Appli_1140
A8370;Appli_1141
A8373;Appli_1142
A8381;Appli_1143
A8384;Appli_1144
A8385;Appli_1145
A8397;Appli_1146
A8399;Appli_1147
A8401;Appli_1148
A8409;Appli_1149
A8413;Appli_1150
A8431;Appli_1151
A8438;Appli_1152
A8441;Appli_1153
A8442;Appli_1154
A8447;Appli_1155
A8448;Appli_1156
A8449;Appli_1157
a8452;Appli_1158
A8457;Appli_1159
A8460;Appli_1160
A8461;Appli_1161
A8462;Appli_1162
A8467;Appli_1163
a8469;Appli_1164
A8470;Appli_1165
A8481;Appli_1166
A8483;Appli_1167
A8486;Appli_1168
A8496;Appli_1169
A8501;Appli_1170
A8507;Appli_1171
A8508;Appli_1172
A8511;Appli_1173
A8512;Appli_1174
A8516;Appli_1175
A8549;Appli_1176
A8560;Appli_1177
A8563;Appli_1178
A8564;Appli_1179
A8566;Appli_1180
A8568;Appli_1181
A8570;Appli_1182
A8571;Appli_1183
A8573;Appli_1184
A8584;Appli_1185
A8586;Appli_1186
A8587;Appli_1187
a8596;Appli_1188
A8601;Appli_1189
A8604;Appli_1190
A8611;Appli_1191
A8619;Appli_1192
a8624;Appli_1193
a8626;Appli_1194
AAR;Appli_1195
AEX;Appli_1196
AHR;Appli_1197
ALM;Appli_1198
AN138;Appli_1199
AN190;Appli_1200
APDF;Appli_1201
ARG;Appli_1202
AS007;Appli_1203
ASM;Appli_1204
AUG;Appli_1205
BCM;Appli_1206
BIM;Appli_1207
BMA;Appli_1208
CLA;Appli_1209
COS;Appli_1210
DCP;Appli_1211
DRP;Appli_1212
EII;Appli_1213
ENW;Appli_1214
ERK;Appli_1215
EVA;Appli_1216
EVB;Appli_1217
EVE;Appli_1218
EVP;Appli_1219
EVZ;Appli_1220
EXPBI;Appli_1221
FMD;Appli_1222
FRE;Appli_1223
GADWA;Appli_1224
GRS;Appli_1225
GST;Appli_1226
GZH;Appli_1227
IPF;Appli_1228
LHR;Appli_1229
LWF;Appli_1230
MAP;Appli_1231
ONV;Appli_1232
ORK;Appli_1233
PIF;Appli_1234
PSG;Appli_1235
PTM;Appli_1236
RPA;Appli_1237
SCD;Appli_1238
SGI;Appli_1239
SHU;Appli_1240
SLT;Appli_1241
SROR;Appli_1242
STPO;Appli_1243
STY;Appli_1244
WDD;Appli_1245
WVE;Appli_1246
XCM;Appli_1247
A1562;Appli_1248
A5060;Appli_1249
A0778;Appli_1250
A0782;Appli_1251
A0830;Appli_1252
A0957;Appli_1253
A1286;Appli_1254
A1291;Appli_1255
A1777;Appli_1256
A2040;Appli_1257
A2075;Appli_1258
A2254;Appli_1259
A2309;Appli_1260
A2381;Appli_1261
A2434;Appli_1262
A2507;Appli_1263
A2508;Appli_1264
A2525;Appli_1265
A2529;Appli_1266
A2535;Appli_1267
A2544;Appli_1268
A2582;Appli_1269
A2610;Appli_1270
A2616;Appli_1271
A2655;Appli_1272
A2690;Appli_1273
A2705;Appli_1274
A2720;Appli_1275
A2723;Appli_1276
A2725;Appli_1277
A2744;Appli_1278
A2779;Appli_1279
A2841;Appli_1280
A2842;Appli_1281
A2881;Appli_1282
A2922;Appli_1283
A2948;Appli_1284
A2964;Appli_1285
A5088;Appli_1286
A6866;Appli_1287
A6868;Appli_1288
A7470;Appli_1289
A8319;Appli_1290
A8333;Appli_1291
A8340;Appli_1292
A8347;Appli_1293
A8352;Appli_1294
A8394;Appli_1295
A8411;Appli_1296
A8432;Appli_1297
A8446;Appli_1298
A8489;Appli_1299
A8562;Appli_1300
A8580;Appli_1301
A8618;Appli_1302
a8631;Appli_1303
MMA;Appli_1304
MOS;Appli_1305
PRIM;Appli_1306
A0268;Appli_1307
A0713;Appli_1308
A0838;Appli_1309
A2056;Appli_1310
A8555;Appli_1311
A8577;Appli_1312
DMM;Appli_1313
A2046;Appli_1314
A2054;Appli_1315
A8550;Appli_1316
A0760;Appli_1317
AIL80;Appli_1318
DATAL;Appli_1319
DGLE;Appli_1320
A1038;Appli_1321
A1293;Appli_1322
FOP;Appli_1323
A2509;Appli_1324
A5077;Appli_1325
A8607;Appli_1326
A2876;Appli_1327
A8473;Appli_1328
JVE;Appli_1329
PSE;Appli_1330
A0829;Appli_1331
A1065;Appli_1332
A1280;Appli_1333
AN146;Appli_1334
AN003;Appli_1335
AN004;Appli_1336
AN007;Appli_1337
AN015;Appli_1338
AN017;Appli_1339
AN022;Appli_1340
AN030;Appli_1341
AN044;Appli_1342
AN051;Appli_1343
AN054;Appli_1344
AN057;Appli_1345
AN061;Appli_1346
AN063;Appli_1347
AN064;Appli_1348
AN069;Appli_1349
AN070;Appli_1350
AN075;Appli_1351
AN078;Appli_1352
AN083;Appli_1353
AN084;Appli_1354
AN096;Appli_1355
AN102;Appli_1356
AN105;Appli_1357
AN117;Appli_1358
AN121;Appli_1359
AN129;Appli_1360
AN135;Appli_1361
AN141;Appli_1362
AN145;Appli_1363
AN149;Appli_1364
AN150;Appli_1365
AN154;Appli_1366
AN162;Appli_1367
AN172;Appli_1368
AN176;Appli_1369
AN183;Appli_1370
AN187;Appli_1371
AN192;Appli_1372
AN194;Appli_1373
AN196;Appli_1374
AN197;Appli_1375
AN206;Appli_1376
AN209;Appli_1377
AN212;Appli_1378
AN219;Appli_1379
AN226;Appli_1380
AN231;Appli_1381
AN245;Appli_1382
AN246;Appli_1383
AN251;Appli_1384
AN254;Appli_1385
AN255;Appli_1386
AN260;Appli_1387
AN262;Appli_1388
AN265;Appli_1389
AN268;Appli_1390
AN271;Appli_1391
AN274;Appli_1392
AN278;Appli_1393
AN281;Appli_1394
AN285;Appli_1395
AN287;Appli_1396
AN289;Appli_1397
AN290;Appli_1398
AN305;Appli_1399
AN307;Appli_1400
AN323;Appli_1401
AN325;Appli_1402
AN327;Appli_1403
AN331;Appli_1404
AN340;Appli_1405
AN341;Appli_1406
AN345;Appli_1407
AN348;Appli_1408
AN489;Appli_1409
AN762;Appli_1410
AN918;Appli_1411
A7039;Appli_1412
A8157;Appli_1413
AN932;Appli_1414
AS014;Appli_1415
INF11;Appli_1416
A8589;Appli_1417
A8591;Appli_1418
A8603;Appli_1419
A0204;Appli_1420
AN497;Appli_1421
AN644;Appli_1422
AN752;Appli_1423
AN911;Appli_1424
AN941;Appli_1425
AN949;Appli_1426
AN981;Appli_1427
AN986;Appli_1428
AS016;Appli_1429
A5346;Appli_1430
A5378;Appli_1431
A8420;Appli_1432
A8599;Appli_1433
A8634;Appli_1434
A8647;Appli_1435
DPT;Appli_1436
RDL;Appli_1437
A2517;Appli_1438
A2656;Appli_1439
A8623;Appli_1440
A8646;Appli_1441
DM0;Appli_1442
A5240;Appli_1443
A8168;Appli_1444
A1751;Appli_1445
A0754;Appli_1446
AN512;Appli_1447
AN630;Appli_1448
AN912;Appli_1449
AN917;Appli_1450
AN934;Appli_1451
AN967;Appli_1452
AN971;Appli_1453
AS012;Appli_1454
A5291;Appli_1455
A5368;Appli_1456
A5388;Appli_1457
A5418;Appli_1458
AN166;Appli_1459
AN385;Appli_1460
AU144;Appli_1461
A8303;Appli_1462
A8327;Appli_1463
A8349;Appli_1464
A8474;Appli_1465
A8588;Appli_1466
A8656;Appli_1467
ABC;Appli_1468
CBS;Appli_1469
FMR;Appli_1470
IQO;Appli_1471
LIP;Appli_1472
MSE;Appli_1473
STA;Appli_1474
A8396;Appli_1475
A8479;Appli_1476
A8480;Appli_1477
A8579;Appli_1478
AFT;Appli_1479
BDL;Appli_1480
CDL;Appli_1481
DPY;Appli_1482
DQH;Appli_1483
DUA;Appli_1484
EA4;Appli_1485
GIT;Appli_1486
GRA;Appli_1487
GRG;Appli_1488
IDY;Appli_1489
IPR;Appli_1490
ITG;Appli_1491
JEN;Appli_1492
JRC;Appli_1493
LAT;Appli_1494
NXU;Appli_1495
POP;Appli_1496
SAD;Appli_1497
SGX;Appli_1498
SQB;Appli_1499
TLC;Appli_1500
TPR;Appli_1501
UAS;Appli_1502
VSA;Appli_1503
A8161;Appli_1504
A8163;Appli_1505
A8166;Appli_1506
A8167;Appli_1507
A8169;Appli_1508
A1695;Appli_1509
A1105;Appli_1510
AN005;Appli_1511
AN875;Appli_1512
AN909;Appli_1513
A0474;Appli_1514
AN645;Appli_1515
A2749;Appli_1516
A8673;Appli_1517
A8675;Appli_1518
ABR;Appli_1519
API;Appli_1520
A8581;Appli_1521
A8608;Appli_1522
A8663;Appli_1523
YCB;Appli_1524
A8160;Appli_1525
A8162;Appli_1526
A8170;Appli_1527
A8175;Appli_1528
A1872;Appli_1529
A5421;Appli_1530
AN333;Appli_1531
AN485;Appli_1532
AN952;Appli_1533
AN955;Appli_1534
A5384;Appli_1535
A5429;Appli_1536
AN355;Appli_1537
A8648;Appli_1538
A8666;Appli_1539
A8674;Appli_1540
A8696;Appli_1541
A8704;Appli_1542
A8576;Appli_1543
A8664;Appli_1544
A8164;Appli_1545
A5342;Appli_1546
A5448;Appli_1547
AN371;Appli_1548
AN991;Appli_1549
A5184;Appli_1550
A5414;Appli_1551
A5443;Appli_1552
A8625;Appli_1553
A8688;Appli_1554
A5364;Appli_1555
A2404;Appli_1556
A2265;Appli_1557
AN191;Appli_1558
AN471;Appli_1559
AN739;Appli_1560
AN940;Appli_1561
AN961;Appli_1562
AN977;Appli_1563
AS018;Appli_1564
A5183;Appli_1565
A8645;Appli_1566
A8699;Appli_1567
AD014;Appli_1568
AD016;Appli_1569
EZP;Appli_1570
A5257;Appli_1571
A8192;Appli_1572
A8193;Appli_1573
A6503;Appli_1574
AN433;Appli_1575
AN481;Appli_1576
AN532;Appli_1577
AN535;Appli_1578
AN544;Appli_1579
AN549;Appli_1580
AN553;Appli_1581
AN580;Appli_1582
AN584;Appli_1583
AN588;Appli_1584
AN619;Appli_1585
AN629;Appli_1586
AN659;Appli_1587
AN679;Appli_1588
AN685;Appli_1589
AN691;Appli_1590
AN714;Appli_1591
AN756;Appli_1592
AN874;Appli_1593
AN878;Appli_1594
AN889;Appli_1595
AN914;Appli_1596
AN915;Appli_1597
AN916;Appli_1598
AN919;Appli_1599
AN939;Appli_1600
AN951;Appli_1601
AN959;Appli_1602
AN966;Appli_1603
AN970;Appli_1604
AN978;Appli_1605
A5151;Appli_1606
A5191;Appli_1607
A5216;Appli_1608
A5285;Appli_1609
A5302;Appli_1610
A5333;Appli_1611
A5416;Appli_1612
A5444;Appli_1613
A5459;Appli_1614
A8545;Appli_1615
A8187;Appli_1616
A8678;Appli_1617
A8594;Appli_1618
A8661;Appli_1619
A5309;Appli_1620
AN581;Appli_1621
AN599;Appli_1622
A5159;Appli_1623
A5165;Appli_1624
A5206;Appli_1625
A5327;Appli_1626
A5358;Appli_1627
A5365;Appli_1628
A5391;Appli_1629
A5400;Appli_1630
A5411;Appli_1631
A5415;Appli_1632
A5417;Appli_1633
A5420;Appli_1634
A5425;Appli_1635
A5431;Appli_1636
A5432;Appli_1637
A5441;Appli_1638
A5456;Appli_1639
A5457;Appli_1640
A5458;Appli_1641
A5700;Appli_1642
A5800;Appli_1643
A2584;Appli_1644
A8332;Appli_1645
A8484;Appli_1646
A8497;Appli_1647
A8657;Appli_1648
A8660;Appli_1649
A8665;Appli_1650
A8676;Appli_1651
A8690;Appli_1652
A8706;Appli_1653
A8707;Appli_1654
A8728;Appli_1655
A8510;Appli_1656
A8520;Appli_1657
A8561;Appli_1658
A8649;Appli_1659
A8653;Appli_1660
A8654;Appli_1661
A8662;Appli_1662
A8677;Appli_1663
A8694;Appli_1664
A8583;Appli_1665
A6001;Appli_1666
ISCL;Appli_1667
A5371;Appli_1668
A5461;Appli_1669
A5299;Appli_1670
AN308;Appli_1671
AN516;Appli_1672
A5205;Appli_1673
A5210;Appli_1674
A5243;Appli_1675
A5255;Appli_1676
A5330;Appli_1677
A5362;Appli_1678
A5394;Appli_1679
A5399;Appli_1680
A5404;Appli_1681
A5435;Appli_1682
A5436;Appli_1683
A5438;Appli_1684
A5445;Appli_1685
A5466;Appli_1686
A5467;Appli_1687
A5475;Appli_1688
A5478;Appli_1689
A7147;Appli_1690
A1885;Appli_1691
A2585;Appli_1692
A2613;Appli_1693
A2699;Appli_1694
A2701;Appli_1695
A2832;Appli_1696
A2835;Appli_1697
A8324;Appli_1698
A8331;Appli_1699
A8383;Appli_1700
A8408;Appli_1701
A8565;Appli_1702
A8613;Appli_1703
A8630;Appli_1704
A8643;Appli_1705
A8655;Appli_1706
A8711;Appli_1707
A8712;Appli_1708
A8745;Appli_1709
A8404;Appli_1710
A8465;Appli_1711
A8574;Appli_1712
AD018;Appli_1713
AD019;Appli_1714
A5401;Appli_1715
AN048;Appli_1716
AN502;Appli_1717
AN571;Appli_1718
AN592;Appli_1719
AN596;Appli_1720
AN627;Appli_1721
AN640;Appli_1722
AN667;Appli_1723
AN676;Appli_1724
AN686;Appli_1725
AN699;Appli_1726
AN718;Appli_1727
AN726;Appli_1728
AN730;Appli_1729
AN760;Appli_1730
AN775;Appli_1731
AN841;Appli_1732
AN859;Appli_1733
AN872;Appli_1734
AN894;Appli_1735
A5149;Appli_1736
A5377;Appli_1737
A5447;Appli_1738
A5464;Appli_1739
A5469;Appli_1740
A5470;Appli_1741
A5477;Appli_1742
A5479;Appli_1743
AN373;Appli_1744
AN396;Appli_1745
A8518;Appli_1746
A8733;Appli_1747
A8746;Appli_1748
A2565;Appli_1749
AD017;Appli_1750
AN517;Appli_1751
AN526;Appli_1752
AN527;Appli_1753
AN542;Appli_1754
AN587;Appli_1755
AN597;Appli_1756
AN615;Appli_1757
AN672;Appli_1758
AN719;Appli_1759
AN741;Appli_1760
A5395;Appli_1761
A5422;Appli_1762
A5426;Appli_1763
A5430;Appli_1764
A5454;Appli_1765
A5483;Appli_1766
AN534;Appli_1767
AN729;Appli_1768
A2997;Appli_1769
A8517;Appli_1770
A2721;Appli_1771
A7007;Appli_1772
A8195;Appli_1773
AE005;Appli_1774
AE400;Appli_1775
A5324;Appli_1776
A5325;Appli_1777
A5433;Appli_1778
A5446;Appli_1779
A5476;Appli_1780
A5481;Appli_1781
A5487;Appli_1782
A2947;Appli_1783
A8402;Appli_1784
A8764;Appli_1785
PMD;Appli_1786
A8620;Appli_1787
A8464;Appli_1788
A8633;Appli_1789
A8641;Appli_1790
A8702;Appli_1791
A8703;Appli_1792
A8760;Appli_1793
A8681;Appli_1794
A8698;Appli_1795
A8819;Appli_1796
AD008;Appli_1797
A1326;Appli_1798
A5413;Appli_1799
A5493;Appli_1800
A5701;Appli_1801
A8444;Appli_1802
AN993;Appli_1803
A2864;Appli_1804
A8538;Appli_1805
A8759;Appli_1806
A8776;Appli_1807
A8775;Appli_1808
A8357;Appli_1809
AD022;Appli_1810
A8684;Appli_1811
A8700;Appli_1812
A8750;Appli_1813
A2580;Appli_1814
A1585;Appli_1815
A1542;Appli_1816
AN990;Appli_1817
A5374;Appli_1818
A5428;Appli_1819
A5486;Appli_1820
A5462;Appli_1821
A5502;Appli_1822
A5449;Appli_1823
A5501;Appli_1824
A5343;Appli_1825
A5500;Appli_1826
A8241;Appli_1827
A8198;Appli_1828
A8177;Appli_1829
A8180;Appli_1830